SKU,Product Name,Item Category,Description,Price,# Photos,Main Image File
BP_BButterfly_PBP,Beaded Pen - Blue Butterfly (Pattern Basic Pen),Beaded Pen,Blue butterfly charm – pattern basic pen,$6,4,BP_BButterfly_PBP_2.jpg
BP_BButterfly_PatBP,Beaded Pen - Blue Butterfly (Pattern Basic Pen) v2,Beaded Pen,Blue butterfly charm – pattern basic pen (variant),$6,1,BP_BButterfly_PatBP.jpg
BP_BCat_YellowSP,Beaded Pen - Blue Cat (Yellow Sparkle Pen),Beaded Pen,Blue cat charm – yellow sparkle pen,$6,4,BP_BCat_YellowSP.jpg
BP_Beads_LPinkBP,Beaded Pen - Decorative Beads (Light Pink Basic Pen),Beaded Pen,Galaxy/swirl decorative beads – light pink basic pen,$6,3,BP_Beads_LPinkBP.jpg
BP_BlackHorse_PinkBP,Beaded Pen - Black Horse (Pink Basic Pen),Beaded Pen,Black horse charm – pink basic pen,$6,3,BP_BlackHorse_PinkBP.jpg
BP_BlueAlien_BP,Beaded Pen - Blue Alien (Basic Pen),Beaded Pen,Blue alien charm – basic pen,$6,3,BP_BlueAlien_BP.jpg
BP_BubbleTea_BrownBP,Beaded Pen - Bubble Tea (Brown Basic Pen),Beaded Pen,Bubble tea charm – brown basic pen,$6,3,BP_BubbleTea_BrownBP.jpg
BP_CoffeeCup_GoldBP,Beaded Pen - Coffee Cup (Gold Basic Pen),Beaded Pen,Coffee cup charm – gold basic pen,$6,3,BP_CoffeeCup_GoldBP.jpg
BP_FB_Gold_BP,Beaded Pen - Football (Gold Basic Pen),Beaded Pen,Football charm – gold basic pen,$6,3,BP_FB_Gold_BP.jpg
BP_FB_Tan_BP,Beaded Pen - Football (Tan Basic Pen),Beaded Pen,Football charm – tan basic pen,$6,3,BP_FB_Tan_BP.jpg
BP_GButterfly_BP,Beaded Pen - Green Butterfly (Basic Pen),Beaded Pen,Green butterfly charm – basic pen,$6,4,BP_GButterfly_BP.jpg
BP_GElelphant_GreySP,Beaded Pen - Baby Elephant (Grey Sparkle Pen),Beaded Pen,Baby elephant charm – grey sparkle pen,$6,5,BP_GElelphant_GreySP.jpg
BP_GElelphant_PinkSP,Beaded Pen - Baby Elephant (Pink Sparkle Pen),Beaded Pen,Baby elephant charm – pink sparkle pen,$6,4,BP_GElelphant_PinkSP.jpg
BP_HCow_Brown_BP,Beaded Pen - Highland Cow (Brown Basic Pen),Beaded Pen,Highland cow charm – brown basic pen,$6,3,BP_HCow_Brown_BP.jpg
BP_HorseHead_BGW_BP,Beaded Pen - Horse Head Black/Grey/White (Basic Pen),Beaded Pen,Black horse head silhouette charm – black/grey/white basic pen,$6,3,BP_HorseHead_BGW_BP.jpg
BP_IceCoffee_GoldBP,Beaded Pen - Iced Coffee (Gold Basic Pen),Beaded Pen,Iced coffee charm – gold basic pen,$6,3,BP_IceCoffee_GoldBP.jpg
BP_Labubu_BP,Beaded Pen - Labubu (Basic Pen),Beaded Pen,Labubu charm – basic pen,$8,4,BP_Labubu_BP.jpg
BP_NurseHat_BlackSP,Beaded Pen - Nurse Hat (Black Sparkle Pen),Beaded Pen,Nurse hat & stethoscope charm – black sparkle pen,$6,3,BP_NurseHat_BlackSP.jpg
BP_PButterfly_BP,Beaded Pen - Purple Butterfly (Basic Pen),Beaded Pen,Purple butterfly charm – basic pen,$6,2,BP_PButterfly_BP.jpg
BP_PButterfly_PBP,Beaded Pen - Purple Butterfly (Pattern Basic Pen),Beaded Pen,Purple butterfly charm – pattern basic pen,$6,2,BP_PButterfly_PBP.jpg
BP_PinkScrub_bp,Beaded Pen - Pink Scrub Top (Basic Pen),Beaded Pen,Pink scrub top & stethoscope charm with tassel – basic pen,$6,3,BP_PinkScrub_bp.jpg
BP_PkBP,Beaded Pen - Pink Floral Beads (Pink Basic Pen),Beaded Pen,Pink floral/rose decorative beads – pink basic pen,$6,3,BP_PkBP.jpg
BP_PkPomPom,Beaded Pen - Pink Pom Pom,Beaded Pen,Pink pom pom pen,$8,3,BP_PkPomPom.jpg
BP_PurpleScrub_BP,Beaded Pen - Purple Scrub Top (Basic Pen),Beaded Pen,Purple scrub top charm – basic pen,$6,3,BP_PurpleScrub_BP.jpg
BP_Stitch_BWP_BP,Beaded Pen - Stitch (Black/White Pattern Basic Pen),Beaded Pen,Stitch charm – black & white pattern basic pen,$7,3,BP_Stitch_BWP_BP.jpg
BP_Stitch_BlueBP,Beaded Pen - Stitch (Blue Basic Pen),Beaded Pen,Stitch charm – blue basic pen,$7,3,BP_Stitch_BlueBP.jpg
BP_Stitch_DBlue_BP,Beaded Pen - Stitch (Dark Blue Basic Pen),Beaded Pen,Stitch charm – dark blue basic pen,$7,3,BP_Stitch_DBlue_BP.jpg
BP_Stitch_DPurple_BP,Beaded Pen - Stitch (Dark Purple Basic Pen),Beaded Pen,Stitch charm – dark purple basic pen,$7,3,BP_Stitch_DPurple_BP.jpg
BP_Stitch_LBlue_BP,Beaded Pen - Stitch (Light Blue Basic Pen),Beaded Pen,Stitch charm – light blue basic pen,$7,3,BP_Stitch_LBlue_BP.jpg
BP_Stitch_PW_BP,Beaded Pen - Stitch (Pink/White Basic Pen),Beaded Pen,Stitch charm – pink & white basic pen,$7,4,BP_Stitch_PW_BP.jpg
BP_Stitch_PurpleBP,Beaded Pen - Stitch (Purple Basic Pen),Beaded Pen,Stitch charm – purple basic pen,$7,3,BP_Stitch_PurpleBP.jpg
BP_Stitch_RW_BP,Beaded Pen - Stitch (Red/White Basic Pen),Beaded Pen,Stitch charm – red & white basic pen,$7,3,BP_Stitch_RW_BP.jpg
BP_Stitch_White_BP,Beaded Pen - Stitch (White Basic Pen),Beaded Pen,Stitch charm – white basic pen,$7,3,BP_Stitch_White_BP.jpg
BP_SunFlower_YPomPomP,Beaded Pen - Sunflower (Yellow Pom Pom Pen),Beaded Pen,Sunflower charm – yellow pom pom pen,$8,4,BP_SunFlower_YPomPomP.jpg
BP_TanHorse_WhiteBP,Beaded Pen - Tan Horse (White Basic Pen),Beaded Pen,Tan horse charm – white basic pen,$6,3,BP_TanHorse_WhiteBP.jpg
BP_WCat_Black_BP,Beaded Pen - White Cat (Black Basic Pen),Beaded Pen,White cat charm – black basic pen,$6,3,BP_WCat_Black_BP.jpg
BP_WHorseHead_SilverSP,Beaded Pen - White Horse Head (Silver Sparkle Pen),Beaded Pen,White horse head charm – silver sparkle pen,$6,4,BP_WHorseHead_SilverSP.jpg
BP_WPomPom,Beaded Pen - White Pom Pom,Beaded Pen,White pom pom pen,$8,3,BP_WPomPom.jpg
BP_YButterfly_YBP,Beaded Pen - Yellow Butterfly (Yellow Basic Pen),Beaded Pen,Yellow butterfly charm – yellow basic pen,$6,4,BP_YButterfly_YBP.jpg
